suite,algorithm,family,n,ops,time_s,status,extra
heaps,binomial_heap,insert_then_extract_all,250,5831,0.00213,ok,"{""insert_work"": 982, ""max_single_op"": 29, ""spike_ratio"": 2.5}"
heaps,binomial_heap,decrease_key_storm,250,1914,0.00044,ok,"{""max_single_op"": 14, ""decrease_keys"": 249}"
heaps,binomial_heap,merge_chain,250,198,0.0001,ok,"{""merges"": 30}"
heaps,fibonacci_heap,insert_then_extract_all,250,10020,0.00191,ok,"{""insert_work"": 500, ""max_single_op"": 746, ""spike_ratio"": 37.2}"
heaps,fibonacci_heap,decrease_key_storm,250,1041,0.00032,ok,"{""max_single_op"": 13, ""decrease_keys"": 249}"
heaps,fibonacci_heap,merge_chain,250,60,3e-05,ok,"{""merges"": 30}"
heaps,binomial_heap,insert_then_extract_all,500,13302,0.0047,ok,"{""insert_work"": 1982, ""max_single_op"": 33, ""spike_ratio"": 2.5}"
heaps,binomial_heap,decrease_key_storm,500,4348,0.00097,ok,"{""max_single_op"": 16, ""decrease_keys"": 499}"
heaps,binomial_heap,merge_chain,500,415,0.00019,ok,"{""merges"": 61}"
heaps,fibonacci_heap,insert_then_extract_all,500,23124,0.00428,ok,"{""insert_work"": 1000, ""max_single_op"": 1496, ""spike_ratio"": 64.7}"
heaps,fibonacci_heap,decrease_key_storm,500,2101,0.00069,ok,"{""max_single_op"": 13, ""decrease_keys"": 499}"
heaps,fibonacci_heap,merge_chain,500,122,5e-05,ok,"{""merges"": 61}"
heaps,binomial_heap,insert_then_extract_all,1000,29940,0.00996,ok,"{""insert_work"": 3982, ""max_single_op"": 37, ""spike_ratio"": 2.5}"
heaps,binomial_heap,decrease_key_storm,1000,9692,0.00207,ok,"{""max_single_op"": 18, ""decrease_keys"": 999}"
heaps,binomial_heap,merge_chain,1000,853,0.00045,ok,"{""merges"": 124}"
heaps,fibonacci_heap,insert_then_extract_all,1000,53132,0.00971,ok,"{""insert_work"": 2000, ""max_single_op"": 2996, ""spike_ratio"": 112.8}"
heaps,fibonacci_heap,decrease_key_storm,1000,4223,0.00131,ok,"{""max_single_op"": 13, ""decrease_keys"": 999}"
heaps,fibonacci_heap,merge_chain,1000,248,0.0001,ok,"{""merges"": 124}"
heaps,binomial_heap,insert_then_extract_all,2000,66912,0.02186,ok,"{""insert_work"": 7982, ""max_single_op"": 41, ""spike_ratio"": 2.5}"
heaps,binomial_heap,decrease_key_storm,2000,21390,0.00517,ok,"{""max_single_op"": 20, ""decrease_keys"": 1999}"
heaps,binomial_heap,merge_chain,2000,1728,0.00082,ok,"{""merges"": 249}"
heaps,fibonacci_heap,insert_then_extract_all,2000,118778,0.02096,ok,"{""insert_work"": 4000, ""max_single_op"": 5996, ""spike_ratio"": 201.9}"
heaps,fibonacci_heap,decrease_key_storm,2000,8470,0.00266,ok,"{""max_single_op"": 19, ""decrease_keys"": 1999}"
heaps,fibonacci_heap,merge_chain,2000,498,0.00023,ok,"{""merges"": 249}"
heaps,binomial_heap,insert_then_extract_all,4000,147870,0.04809,ok,"{""insert_work"": 15982, ""max_single_op"": 45, ""spike_ratio"": 2.4}"
heaps,binomial_heap,decrease_key_storm,4000,46810,0.0102,ok,"{""max_single_op"": 22, ""decrease_keys"": 3999}"
heaps,binomial_heap,merge_chain,4000,3478,0.00167,ok,"{""merges"": 499}"
heaps,fibonacci_heap,insert_then_extract_all,4000,262460,0.07229,ok,"{""insert_work"": 8000, ""max_single_op"": 11996, ""spike_ratio"": 365.6}"
heaps,fibonacci_heap,decrease_key_storm,4000,16967,0.01108,ok,"{""max_single_op"": 16, ""decrease_keys"": 3999}"
heaps,fibonacci_heap,merge_chain,4000,998,0.00054,ok,"{""merges"": 499}"
heaps,binomial_heap,insert_then_extract_all,8000,323852,0.16025,ok,"{""insert_work"": 31982, ""max_single_op"": 49, ""spike_ratio"": 2.4}"
heaps,binomial_heap,decrease_key_storm,8000,101694,0.04552,ok,"{""max_single_op"": 24, ""decrease_keys"": 7999}"
heaps,binomial_heap,merge_chain,8000,6978,0.00644,ok,"{""merges"": 999}"
heaps,fibonacci_heap,insert_then_extract_all,8000,578009,0.14993,ok,"{""insert_work"": 16000, ""max_single_op"": 23996, ""spike_ratio"": 664.2}"
heaps,fibonacci_heap,decrease_key_storm,8000,33964,0.01609,ok,"{""max_single_op"": 19, ""decrease_keys"": 7999}"
heaps,fibonacci_heap,merge_chain,8000,1998,0.00093,ok,"{""merges"": 999}"
trees,b_tree,ascending_insert+search,1000,16103,0.00664,ok,"{""height"": 3, ""splits"": 138, ""node_accesses"": 4306, ""utilization"": 0.473, ""nodes"": 141, ""insert_work"": 5987}"
trees,red_black_tree,ascending_insert+search,1000,25685,0.00385,ok,"{""height"": 17, ""rotations"": 983, ""recolorings"": 4909, ""comparisons"": 19793, ""insert_work"": 20373, ""nodes"": 1000}"
trees,b_tree,descending_insert+search,1000,39327,0.00619,ok,"{""height"": 3, ""splits"": 138, ""node_accesses"": 4314, ""utilization"": 0.473, ""nodes"": 141, ""insert_work"": 29883}"
trees,red_black_tree,descending_insert+search,1000,25591,0.00332,ok,"{""height"": 17, ""rotations"": 983, ""recolorings"": 4909, ""comparisons"": 19699, ""insert_work"": 20373, ""nodes"": 1000}"
trees,b_tree,zigzag_insert+search,1000,31720,0.00645,ok,"{""height"": 3, ""splits"": 138, ""node_accesses"": 4311, ""utilization"": 0.473, ""nodes"": 141, ""insert_work"": 22180}"
trees,red_black_tree,zigzag_insert+search,1000,25581,0.00403,ok,"{""height"": 17, ""rotations"": 1477, ""recolorings"": 4909, ""comparisons"": 19195, ""insert_work"": 20867, ""nodes"": 1000}"
trees,b_tree,random_insert+search,1000,26059,0.00721,ok,"{""height"": 3, ""splits"": 95, ""node_accesses"": 4299, ""utilization"": 0.68, ""nodes"": 98, ""insert_work"": 16673}"
trees,red_black_tree,random_insert+search,1000,16628,0.0492,ok,"{""height"": 12, ""rotations"": 579, ""recolorings"": 2263, ""comparisons"": 13786, ""insert_work"": 11671, ""nodes"": 1000}"
trees,b_tree,ascending_insert+search,2000,34726,0.0143,ok,"{""height"": 4, ""splits"": 281, ""node_accesses"": 10727, ""utilization"": 0.468, ""nodes"": 285, ""insert_work"": 14222}"
trees,red_black_tree,ascending_insert+search,2000,56487,0.00845,ok,"{""height"": 19, ""rotations"": 1981, ""recolorings"": 9900, ""comparisons"": 44606, ""insert_work"": 44806, ""nodes"": 2000}"
trees,b_tree,descending_insert+search,2000,85471,0.01234,ok,"{""height"": 4, ""splits"": 281, ""node_accesses"": 10734, ""utilization"": 0.468, ""nodes"": 285, ""insert_work"": 67008}"
trees,red_black_tree,descending_insert+search,2000,56530,0.00789,ok,"{""height"": 19, ""rotations"": 1981, ""recolorings"": 9900, ""comparisons"": 44649, ""insert_work"": 44806, ""nodes"": 2000}"
trees,b_tree,zigzag_insert+search,2000,70360,0.01333,ok,"{""height"": 4, ""splits"": 281, ""node_accesses"": 10732, ""utilization"": 0.468, ""nodes"": 285, ""insert_work"": 51540}"
trees,red_black_tree,zigzag_insert+search,2000,56200,0.0079,ok,"{""height"": 19, ""rotations"": 2974, ""recolorings"": 9900, ""comparisons"": 43326, ""insert_work"": 45799, ""nodes"": 2000}"
trees,b_tree,random_insert+search,2000,58415,0.013,ok,"{""height"": 4, ""splits"": 191, ""node_accesses"": 10043, ""utilization"": 0.684, ""nodes"": 195, ""insert_work"": 38146}"
trees,red_black_tree,random_insert+search,2000,35960,0.00688,ok,"{""height"": 14, ""rotations"": 1204, ""recolorings"": 4657, ""comparisons"": 30099, ""insert_work"": 25480, ""nodes"": 2000}"
trees,b_tree,ascending_insert+search,4000,75725,0.03045,ok,"{""height"": 4, ""splits"": 566, ""node_accesses"": 22638, ""utilization"": 0.468, ""nodes"": 570, ""insert_work"": 30792}"
trees,red_black_tree,ascending_insert+search,4000,123561,0.01643,ok,"{""height"": 21, ""rotations"": 3979, ""recolorings"": 19891, ""comparisons"": 99691, ""insert_work"": 97679, ""nodes"": 4000}"
trees,b_tree,descending_insert+search,4000,187314,0.02712,ok,"{""height"": 4, ""splits"": 566, ""node_accesses"": 22631, ""utilization"": 0.468, ""nodes"": 570, ""insert_work"": 147155}"
trees,red_black_tree,descending_insert+search,4000,123344,0.01688,ok,"{""height"": 21, ""rotations"": 3979, ""recolorings"": 19891, ""comparisons"": 99474, ""insert_work"": 97679, ""nodes"": 4000}"
trees,b_tree,zigzag_insert+search,4000,153835,0.04171,ok,"{""height"": 4, ""splits"": 566, ""node_accesses"": 22624, ""utilization"": 0.468, ""nodes"": 570, ""insert_work"": 113193}"
trees,red_black_tree,zigzag_insert+search,4000,122493,0.02945,ok,"{""height"": 21, ""rotations"": 5971, ""recolorings"": 19891, ""comparisons"": 96631, ""insert_work"": 99671, ""nodes"": 4000}"
trees,b_tree,random_insert+search,4000,129160,0.03587,ok,"{""height"": 4, ""splits"": 375, ""node_accesses"": 21978, ""utilization"": 0.704, ""nodes"": 379, ""insert_work"": 84057}"
trees,red_black_tree,random_insert+search,4000,77644,0.02097,ok,"{""height"": 15, ""rotations"": 2305, ""recolorings"": 9240, ""comparisons"": 66099, ""insert_work"": 54595, ""nodes"": 4000}"
trees,b_tree,ascending_insert+search,8000,168343,0.0867,ok,"{""height"": 4, ""splits"": 1136, ""node_accesses"": 46468, ""utilization"": 0.468, ""nodes"": 1140, ""insert_work"": 63932}"
trees,red_black_tree,ascending_insert+search,8000,267459,0.03227,ok,"{""height"": 23, ""rotations"": 7977, ""recolorings"": 39882, ""comparisons"": 219600, ""insert_work"": 211432, ""nodes"": 8000}"
trees,b_tree,descending_insert+search,8000,425330,0.05792,ok,"{""height"": 4, ""splits"": 1136, ""node_accesses"": 46437, ""utilization"": 0.468, ""nodes"": 1140, ""insert_work"": 331065}"
trees,red_black_tree,descending_insert+search,8000,267782,0.03325,ok,"{""height"": 23, ""rotations"": 7977, ""recolorings"": 39882, ""comparisons"": 219923, ""insert_work"": 211432, ""nodes"": 8000}"
trees,b_tree,zigzag_insert+search,8000,343644,0.06347,ok,"{""height"": 4, ""splits"": 1136, ""node_accesses"": 46422, ""utilization"": 0.468, ""nodes"": 1140, ""insert_work"": 248434}"
trees,red_black_tree,zigzag_insert+search,8000,265125,0.04084,ok,"{""height"": 23, ""rotations"": 11968, ""recolorings"": 39882, ""comparisons"": 213275, ""insert_work"": 215423, ""nodes"": 8000}"
trees,b_tree,random_insert+search,8000,274153,0.0552,ok,"{""height"": 4, ""splits"": 774, ""node_accesses"": 45969, ""utilization"": 0.686, ""nodes"": 778, ""insert_work"": 182667}"
trees,red_black_tree,random_insert+search,8000,169148,0.02484,ok,"{""height"": 16, ""rotations"": 4687, ""recolorings"": 18519, ""comparisons"": 145942, ""insert_work"": 117745, ""nodes"": 8000}"
trees,b_tree,ascending_insert+search,16000,359861,0.13523,ok,"{""height"": 5, ""splits"": 2279, ""node_accesses"": 109892, ""utilization"": 0.467, ""nodes"": 2284, ""insert_work"": 145829}"
trees,red_black_tree,ascending_insert+search,16000,576681,0.11259,ok,"{""height"": 25, ""rotations"": 15975, ""recolorings"": 79873, ""comparisons"": 480833, ""insert_work"": 454945, ""nodes"": 16000}"
trees,b_tree,descending_insert+search,16000,909905,0.12231,ok,"{""height"": 5, ""splits"": 2279, ""node_accesses"": 109883, ""utilization"": 0.467, ""nodes"": 2284, ""insert_work"": 720098}"
trees,red_black_tree,descending_insert+search,16000,577567,0.07176,ok,"{""height"": 25, ""rotations"": 15975, ""recolorings"": 79873, ""comparisons"": 481719, ""insert_work"": 454945, ""nodes"": 16000}"
trees,b_tree,zigzag_insert+search,16000,746036,0.13018,ok,"{""height"": 5, ""splits"": 2279, ""node_accesses"": 109873, ""utilization"": 0.467, ""nodes"": 2284, ""insert_work"": 554321}"
trees,red_black_tree,zigzag_insert+search,16000,570516,0.07312,ok,"{""height"": 25, ""rotations"": 23965, ""recolorings"": 79873, ""comparisons"": 466678, ""insert_work"": 462935, ""nodes"": 16000}"
trees,b_tree,random_insert+search,16000,632695,0.12771,ok,"{""height"": 4, ""splits"": 1564, ""node_accesses"": 93146, ""utilization"": 0.68, ""nodes"": 1568, ""insert_work"": 398534}"
trees,red_black_tree,random_insert+search,16000,362441,0.05383,ok,"{""height"": 17, ""rotations"": 9393, ""recolorings"": 37175, ""comparisons"": 315873, ""insert_work"": 251570, ""nodes"": 16000}"
trees,b_tree,ascending_insert+search,32000,768610,0.32372,ok,"{""height"": 5, ""splits"": 4564, ""node_accesses"": 229132, ""utilization"": 0.467, ""nodes"": 4569, ""insert_work"": 310399}"
trees,red_black_tree,ascending_insert+search,32000,1236662,0.21815,ok,"{""height"": 27, ""rotations"": 31973, ""recolorings"": 159864, ""comparisons"": 1044825, ""insert_work"": 973978, ""nodes"": 32000}"
trees,b_tree,descending_insert+search,32000,1949358,0.26967,ok,"{""height"": 5, ""splits"": 4564, ""node_accesses"": 229070, ""utilization"": 0.467, ""nodes"": 4569, ""insert_work"": 1545328}"
trees,red_black_tree,descending_insert+search,32000,1236589,0.19042,ok,"{""height"": 27, ""rotations"": 31973, ""recolorings"": 159864, ""comparisons"": 1044752, ""insert_work"": 973978, ""nodes"": 32000}"
trees,b_tree,zigzag_insert+search,32000,1597180,0.3843,ok,"{""height"": 5, ""splits"": 4564, ""node_accesses"": 229069, ""utilization"": 0.467, ""nodes"": 4569, ""insert_work"": 1189570}"
trees,red_black_tree,zigzag_insert+search,32000,1220672,0.23664,ok,"{""height"": 27, ""rotations"": 47962, ""recolorings"": 159864, ""comparisons"": 1012846, ""insert_work"": 989967, ""nodes"": 32000}"
trees,b_tree,random_insert+search,32000,1343277,0.3092,ok,"{""height"": 5, ""splits"": 3120, ""node_accesses"": 215565, ""utilization"": 0.683, ""nodes"": 3125, ""insert_work"": 876948}"
trees,red_black_tree,random_insert+search,32000,769964,0.13064,ok,"{""height"": 18, ""rotations"": 18754, ""recolorings"": 74489, ""comparisons"": 676721, ""insert_work"": 536964, ""nodes"": 32000}"
mst,kruskal,sparse_E=2V,100,2128,0.00019,ok,"{""E"": 200, ""mst_weight"": 304247, ""peak_kib"": 13.2, ""memory_units"": 300, ""decrease_keys"": null}"
mst,prim_matrix,sparse_E=2V,100,30000,0.00154,ok,"{""E"": 200, ""mst_weight"": 304247, ""peak_kib"": 3.5, ""memory_units"": 10300, ""decrease_keys"": null}"
mst,prim_fibonacci,sparse_E=2V,100,3771,0.0015,ok,"{""E"": 200, ""mst_weight"": 304247, ""peak_kib"": 24.6, ""memory_units"": 1100, ""decrease_keys"": 167}"
mst,kruskal,sparse_E=2V,200,4727,0.00042,ok,"{""E"": 400, ""mst_weight"": 591450, ""peak_kib"": 28.8, ""memory_units"": 600, ""decrease_keys"": null}"
mst,prim_matrix,sparse_E=2V,200,120000,0.00664,ok,"{""E"": 400, ""mst_weight"": 591450, ""peak_kib"": 6.5, ""memory_units"": 40600, ""decrease_keys"": null}"
mst,prim_fibonacci,sparse_E=2V,200,8244,0.00328,ok,"{""E"": 400, ""mst_weight"": 591450, ""peak_kib"": 52.1, ""memory_units"": 2200, ""decrease_keys"": 326}"
mst,kruskal,sparse_E=2V,400,10361,0.0009,ok,"{""E"": 800, ""mst_weight"": 1188434, ""peak_kib"": 57.0, ""memory_units"": 1200, ""decrease_keys"": null}"
mst,prim_matrix,sparse_E=2V,400,480000,0.01565,ok,"{""E"": 800, ""mst_weight"": 1188434, ""peak_kib"": 17.3, ""memory_units"": 161200, ""decrease_keys"": null}"
mst,prim_fibonacci,sparse_E=2V,400,17703,0.00693,ok,"{""E"": 800, ""mst_weight"": 1188434, ""peak_kib"": 112.1, ""memory_units"": 4400, ""decrease_keys"": 651}"
mst,kruskal,sparse_E=2V,800,22461,0.00183,ok,"{""E"": 1600, ""mst_weight"": 2350720, ""peak_kib"": 113.2, ""memory_units"": 2400, ""decrease_keys"": null}"
mst,prim_matrix,sparse_E=2V,800,1920000,0.07889,ok,"{""E"": 1600, ""mst_weight"": 2350720, ""peak_kib"": 42.8, ""memory_units"": 642400, ""decrease_keys"": null}"
mst,prim_fibonacci,sparse_E=2V,800,38504,0.00835,ok,"{""E"": 1600, ""mst_weight"": 2350720, ""peak_kib"": 302.1, ""memory_units"": 8800, ""decrease_keys"": 1314}"
mst,kruskal,sparse_E=2V,1600,48004,0.00238,ok,"{""E"": 3200, ""mst_weight"": 4728844, ""peak_kib"": 225.7, ""memory_units"": 4800, ""decrease_keys"": null}"
mst,prim_matrix,sparse_E=2V,1600,7680000,0.28892,ok,"{""E"": 3200, ""mst_weight"": 4728844, ""peak_kib"": 168.7, ""memory_units"": 2564800, ""decrease_keys"": null}"
mst,prim_fibonacci,sparse_E=2V,1600,83190,0.02679,ok,"{""E"": 3200, ""mst_weight"": 4728844, ""peak_kib"": 725.0, ""memory_units"": 17600, ""decrease_keys"": 2598}"
mst,kruskal,dense_E=0.8*Vmax,50,9850,0.00021,ok,"{""E"": 980, ""mst_weight"": 16205, ""peak_kib"": 69.5, ""memory_units"": 1030, ""decrease_keys"": null}"
mst,prim_matrix,dense_E=0.8*Vmax,50,7500,0.00027,ok,"{""E"": 980, ""mst_weight"": 16205, ""peak_kib"": 1.8, ""memory_units"": 2650, ""decrease_keys"": null}"
mst,prim_fibonacci,dense_E=0.8*Vmax,50,3704,0.00075,ok,"{""E"": 980, ""mst_weight"": 16205, ""peak_kib"": 26.8, ""memory_units"": 2310, ""decrease_keys"": 190}"
mst,kruskal,dense_E=0.8*Vmax,100,47026,0.0008,ok,"{""E"": 3960, ""mst_weight"": 14453, ""peak_kib"": 279.0, ""memory_units"": 4060, ""decrease_keys"": null}"
mst,prim_matrix,dense_E=0.8*Vmax,100,30000,0.0009,ok,"{""E"": 3960, ""mst_weight"": 14453, ""peak_kib"": 3.4, ""memory_units"": 10300, ""decrease_keys"": null}"
mst,prim_fibonacci,dense_E=0.8*Vmax,100,12507,0.00252,ok,"{""E"": 3960, ""mst_weight"": 14453, ""peak_kib"": 413.2, ""memory_units"": 8620, ""decrease_keys"": 453}"
mst,kruskal,dense_E=0.8*Vmax,200,218319,0.00328,ok,"{""E"": 15920, ""mst_weight"": 13050, ""peak_kib"": 1119.7, ""memory_units"": 16120, ""decrease_keys"": null}"
mst,prim_matrix,dense_E=0.8*Vmax,200,120000,0.00359,ok,"{""E"": 15920, ""mst_weight"": 13050, ""peak_kib"": 6.5, ""memory_units"": 40600, ""decrease_keys"": null}"
mst,prim_fibonacci,dense_E=0.8*Vmax,200,42555,0.01093,ok,"{""E"": 15920, ""mst_weight"": 13050, ""peak_kib"": 1943.0, ""memory_units"": 33240, ""decrease_keys"": 1077}"
mst,kruskal,dense_E=0.8*Vmax,300,534734,0.01326,ok,"{""E"": 35880, ""mst_weight"": 14315, ""peak_kib"": 2523.2, ""memory_units"": 36180, ""decrease_keys"": null}"
mst,prim_matrix,dense_E=0.8*Vmax,300,270000,0.01772,ok,"{""E"": 35880, ""mst_weight"": 14315, ""peak_kib"": 11.1, ""memory_units"": 90900, ""decrease_keys"": null}"
mst,prim_fibonacci,dense_E=0.8*Vmax,300,88793,0.04932,ok,"{""E"": 35880, ""mst_weight"": 14315, ""peak_kib"": 4491.6, ""memory_units"": 73860, ""decrease_keys"": 1685}"
mst,kruskal,dense_E=0.8*Vmax,400,1004832,0.0346,ok,"{""E"": 63840, ""mst_weight"": 15458, ""peak_kib"": 4489.1, ""memory_units"": 64240, ""decrease_keys"": null}"
mst,prim_matrix,dense_E=0.8*Vmax,400,480000,0.02303,ok,"{""E"": 63840, ""mst_weight"": 15458, ""peak_kib"": 17.3, ""memory_units"": 161200, ""decrease_keys"": null}"
mst,prim_fibonacci,dense_E=0.8*Vmax,400,152358,0.17639,ok,"{""E"": 63840, ""mst_weight"": 15458, ""peak_kib"": 8056.2, ""memory_units"": 130480, ""decrease_keys"": 2426}"
mst,kruskal,decrease_key_adversary,50,9275,0.00051,ok,"{""E"": 1225, ""mst_weight"": 64925, ""peak_kib"": 86.6, ""memory_units"": 1275, ""decrease_keys"": null}"
mst,prim_matrix,decrease_key_adversary,50,7500,0.00029,ok,"{""E"": 1225, ""mst_weight"": 64925, ""peak_kib"": 1.8, ""memory_units"": 2650, ""decrease_keys"": null}"
mst,prim_fibonacci,decrease_key_adversary,50,5580,0.00133,ok,"{""E"": 1225, ""mst_weight"": 64925, ""peak_kib"": 54.6, ""memory_units"": 2800, ""decrease_keys"": 1225}"
mst,kruskal,decrease_key_adversary,100,32418,0.00216,ok,"{""E"": 4950, ""mst_weight"": 509850, ""peak_kib"": 348.6, ""memory_units"": 5050, ""decrease_keys"": null}"
mst,prim_matrix,decrease_key_adversary,100,30000,0.00086,ok,"{""E"": 4950, ""mst_weight"": 509850, ""peak_kib"": 3.4, ""memory_units"": 10300, ""decrease_keys"": null}"
mst,prim_fibonacci,decrease_key_adversary,100,21324,0.0055,ok,"{""E"": 4950, ""mst_weight"": 509850, ""peak_kib"": 536.6, ""memory_units"": 10600, ""decrease_keys"": 4950}"
mst,kruskal,decrease_key_adversary,150,71202,0.00483,ok,"{""E"": 11175, ""mst_weight"": 1709775, ""peak_kib"": 786.1, ""memory_units"": 11325, ""decrease_keys"": null}"
mst,prim_matrix,decrease_key_adversary,150,67500,0.00194,ok,"{""E"": 11175, ""mst_weight"": 1709775, ""peak_kib"": 5.1, ""memory_units"": 22950, ""decrease_keys"": null}"
mst,prim_fibonacci,decrease_key_adversary,150,47121,0.00837,ok,"{""E"": 11175, ""mst_weight"": 1709775, ""peak_kib"": 1344.6, ""memory_units"": 23400, ""decrease_keys"": 11175}"
mst,kruskal,decrease_key_adversary,200,123934,0.00932,ok,"{""E"": 19900, ""mst_weight"": 4039700, ""peak_kib"": 1398.9, ""memory_units"": 20100, ""decrease_keys"": null}"
mst,prim_matrix,decrease_key_adversary,200,120000,0.00397,ok,"{""E"": 19900, ""mst_weight"": 4039700, ""peak_kib"": 6.5, ""memory_units"": 40600, ""decrease_keys"": null}"
mst,prim_fibonacci,decrease_key_adversary,200,82967,0.01534,ok,"{""E"": 19900, ""mst_weight"": 4039700, ""peak_kib"": 2423.4, ""memory_units"": 41200, ""decrease_keys"": 19900}"
mst,kruskal,decrease_key_adversary,300,276170,0.0211,ok,"{""E"": 44850, ""mst_weight"": 13589550, ""peak_kib"": 3153.3, ""memory_units"": 45150, ""decrease_keys"": null}"
mst,prim_matrix,decrease_key_adversary,300,270000,0.00798,ok,"{""E"": 44850, ""mst_weight"": 13589550, ""peak_kib"": 11.1, ""memory_units"": 90900, ""decrease_keys"": null}"
mst,prim_fibonacci,decrease_key_adversary,300,184711,0.03673,ok,"{""E"": 44850, ""mst_weight"": 13589550, ""peak_kib"": 5582.2, ""memory_units"": 91800, ""decrease_keys"": 44850}"
knapsack,knapsack_01_dp,capacity_stress(n=100),1000,89653,0.00905,ok,"{""peak_kib_rolling"": 39.2, ""peak_kib_table"": 143.7, ""value"": 3791}"
knapsack,fractional_knapsack,capacity_stress(n=100),1000,558,0.00018,ok,"{""value"": 3810.27}"
knapsack,knapsack_01_dp,capacity_stress(n=100),2000,179257,0.01793,ok,"{""peak_kib_rolling"": 78.5, ""peak_kib_table"": 280.4, ""value"": 7626}"
knapsack,fractional_knapsack,capacity_stress(n=100),2000,559,0.00018,ok,"{""value"": 7635.69}"
knapsack,knapsack_01_dp,capacity_stress(n=100),4000,358463,0.03145,ok,"{""peak_kib_rolling"": 156.5, ""peak_kib_table"": 553.8, ""value"": 15238}"
knapsack,fractional_knapsack,capacity_stress(n=100),4000,559,0.0002,ok,"{""value"": 15281.56}"
knapsack,knapsack_01_dp,capacity_stress(n=100),8000,716884,0.06457,ok,"{""peak_kib_rolling"": 312.7, ""peak_kib_table"": 1100.7, ""value"": 30478}"
knapsack,fractional_knapsack,capacity_stress(n=100),8000,559,0.00018,ok,"{""value"": 30573.03}"
knapsack,knapsack_01_dp,capacity_stress(n=100),16000,1433721,0.129,ok,"{""peak_kib_rolling"": 625.1, ""peak_kib_table"": 2194.3, ""value"": 60938}"
knapsack,fractional_knapsack,capacity_stress(n=100),16000,559,0.00018,ok,"{""value"": 61157.32}"
knapsack,knapsack_01_dp,capacity_stress(n=100),32000,2867386,0.30059,ok,"{""peak_kib_rolling"": 1249.8, ""peak_kib_table"": 4381.5, ""value"": 121862}"
knapsack,fractional_knapsack,capacity_stress(n=100),32000,559,0.00018,ok,"{""value"": 122322.96}"
knapsack,knapsack_01_dp,item_stress(W=1000),50,44468,0.0036,ok,"{""value"": 2558}"
knapsack,fractional_knapsack,item_stress(W=1000),50,236,0.0001,ok,"{""value"": 2580.63}"
knapsack,knapsack_01_dp,item_stress(W=1000),100,89653,0.0075,ok,"{""value"": 3791}"
knapsack,fractional_knapsack,item_stress(W=1000),100,558,0.00024,ok,"{""value"": 3810.27}"
knapsack,knapsack_01_dp,item_stress(W=1000),200,180362,0.01446,ok,"{""value"": 5300}"
knapsack,fractional_knapsack,item_stress(W=1000),200,1306,0.00042,ok,"{""value"": 5306.55}"
knapsack,knapsack_01_dp,item_stress(W=1000),400,360821,0.02868,ok,"{""value"": 7767}"
knapsack,fractional_knapsack,item_stress(W=1000),400,2986,0.00079,ok,"{""value"": 7776.76}"
knapsack,knapsack_01_dp,item_stress(W=1000),800,719597,0.05779,ok,"{""value"": 10509}"
knapsack,fractional_knapsack,item_stress(W=1000),800,6719,0.00185,ok,"{""value"": 10513.81}"
knapsack,knapsack_01_dp,item_stress(W=1000),1600,1440191,0.11627,ok,"{""value"": 14456}"
knapsack,fractional_knapsack,item_stress(W=1000),1600,15013,0.00406,ok,"{""value"": 14463.0}"
dp,floyd_warshall,dense,20,8000,0.00034,ok,"{""updates"": 812, ""memory_units"": 400, ""peak_kib"": null}"
dp,floyd_warshall,dense,40,64000,0.00261,ok,"{""updates"": 5308, ""memory_units"": 1600, ""peak_kib"": 15.6}"
dp,floyd_warshall,dense,60,216000,0.00784,ok,"{""updates"": 15137, ""memory_units"": 3600, ""peak_kib"": null}"
dp,floyd_warshall,dense,80,512000,0.01777,ok,"{""updates"": 29087, ""memory_units"": 6400, ""peak_kib"": null}"
dp,floyd_warshall,dense,100,1000000,0.03463,ok,"{""updates"": 51001, ""memory_units"": 10000, ""peak_kib"": null}"
dp,floyd_warshall,dense,120,1728000,0.0583,ok,"{""updates"": 78795, ""memory_units"": 14400, ""peak_kib"": null}"
dp,floyd_warshall,dense,140,2744000,0.09771,ok,"{""updates"": 113739, ""memory_units"": 19600, ""peak_kib"": null}"
dp,floyd_warshall,dense,160,4096000,0.1354,ok,"{""updates"": 150810, ""memory_units"": 25600, ""peak_kib"": 210.7}"
dp,floyd_warshall,sparse(~3 out-edges),20,8000,0.0005,ok,"{""updates"": 804, ""memory_units"": 400, ""peak_kib"": null}"
dp,floyd_warshall,sparse(~3 out-edges),40,64000,0.00323,ok,"{""updates"": 3396, ""memory_units"": 1600, ""peak_kib"": 17.0}"
dp,floyd_warshall,sparse(~3 out-edges),60,216000,0.01123,ok,"{""updates"": 10887, ""memory_units"": 3600, ""peak_kib"": null}"
dp,floyd_warshall,sparse(~3 out-edges),80,512000,0.02674,ok,"{""updates"": 20946, ""memory_units"": 6400, ""peak_kib"": null}"
dp,floyd_warshall,sparse(~3 out-edges),100,1000000,0.05397,ok,"{""updates"": 35821, ""memory_units"": 10000, ""peak_kib"": null}"
dp,floyd_warshall,sparse(~3 out-edges),120,1728000,0.09041,ok,"{""updates"": 51032, ""memory_units"": 14400, ""peak_kib"": null}"
dp,floyd_warshall,sparse(~3 out-edges),140,2744000,0.20746,ok,"{""updates"": 76624, ""memory_units"": 19600, ""peak_kib"": null}"
dp,floyd_warshall,sparse(~3 out-edges),160,4096000,0.22011,ok,"{""updates"": 92792, ""memory_units"": 25600, ""peak_kib"": 465.2}"
dp,matrix_chain,random_dims,10,165,0.00016,ok,"{""optimal_cost"": 177666, ""memory_units"": 200, ""peak_kib"": null}"
dp,matrix_chain,random_dims,20,1330,0.0003,ok,"{""optimal_cost"": 470648, ""memory_units"": 800, ""peak_kib"": null}"
dp,matrix_chain,random_dims,40,10660,0.00164,ok,"{""optimal_cost"": 944083, ""memory_units"": 3200, ""peak_kib"": 53.3}"
dp,matrix_chain,random_dims,80,85320,0.01295,ok,"{""optimal_cost"": 961555, ""memory_units"": 12800, ""peak_kib"": null}"
dp,matrix_chain,random_dims,120,287980,0.04262,ok,"{""optimal_cost"": 1648785, ""memory_units"": 28800, ""peak_kib"": null}"
dp,matrix_chain,random_dims,160,682640,0.09938,ok,"{""optimal_cost"": 2339035, ""memory_units"": 51200, ""peak_kib"": null}"
dp,matrix_chain,random_dims,200,1333300,0.20023,ok,"{""optimal_cost"": 2770085, ""memory_units"": 80000, ""peak_kib"": 1271.9}"
dp,matrix_chain,alternating_dims,10,165,6e-05,ok,"{""optimal_cost"": 10503000, ""memory_units"": 200, ""peak_kib"": null}"
dp,matrix_chain,alternating_dims,20,1330,0.00023,ok,"{""optimal_cost"": 11008000, ""memory_units"": 800, ""peak_kib"": null}"
dp,matrix_chain,alternating_dims,40,10660,0.00163,ok,"{""optimal_cost"": 12018000, ""memory_units"": 3200, ""peak_kib"": 53.6}"
dp,matrix_chain,alternating_dims,80,85320,0.01365,ok,"{""optimal_cost"": 14038000, ""memory_units"": 12800, ""peak_kib"": null}"
dp,matrix_chain,alternating_dims,120,287980,0.04235,ok,"{""optimal_cost"": 16058000, ""memory_units"": 28800, ""peak_kib"": null}"
dp,matrix_chain,alternating_dims,160,682640,0.10167,ok,"{""optimal_cost"": 18078000, ""memory_units"": 51200, ""peak_kib"": null}"
dp,matrix_chain,alternating_dims,200,1333300,0.2019,ok,"{""optimal_cost"": 20098000, ""memory_units"": 80000, ""peak_kib"": 1268.8}"
search,n_queens,all_solutions,4,17,4e-05,ok,"{""pruned"": 44, ""solutions"": 2}"
search,n_queens,all_solutions,5,54,6e-05,ok,"{""pruned"": 167, ""solutions"": 10}"
search,n_queens,all_solutions,6,153,0.00018,ok,"{""pruned"": 742, ""solutions"": 4}"
search,n_queens,all_solutions,7,552,0.00075,ok,"{""pruned"": 3033, ""solutions"": 40}"
search,n_queens,all_solutions,8,2057,0.00296,ok,"{""pruned"": 13664, ""solutions"": 92}"
search,n_queens,all_solutions,9,8394,0.01623,ok,"{""pruned"": 63985, ""solutions"": 352}"
search,n_queens,all_solutions,10,35539,0.06959,ok,"{""pruned"": 312612, ""solutions"": 724}"
search,n_queens,all_solutions,11,166926,0.35105,ok,"{""pruned"": 1639781, ""solutions"": 2680}"
search,n_queens,all_solutions,12,856189,1.76679,ok,"{""pruned"": 9247680, ""solutions"": 14200}"
search,n_queens,first_solution,4,9,2e-05,ok,"{""pruned"": 18}"
search,n_queens,first_solution,5,6,1e-05,ok,"{""pruned"": 10}"
search,n_queens,first_solution,6,32,4e-05,ok,"{""pruned"": 140}"
search,n_queens,first_solution,7,10,1e-05,ok,"{""pruned"": 33}"
search,n_queens,first_solution,8,114,0.00017,ok,"{""pruned"": 763}"
search,n_queens,first_solution,9,42,5e-05,ok,"{""pruned"": 292}"
search,n_queens,first_solution,10,103,0.00015,ok,"{""pruned"": 873}"
search,n_queens,first_solution,11,53,8e-05,ok,"{""pruned"": 465}"
search,n_queens,first_solution,12,262,0.00046,ok,"{""pruned"": 2805}"
search,n_queens,first_solution,13,112,0.00019,ok,"{""pruned"": 1254}"
search,n_queens,first_solution,14,1900,0.00401,ok,"{""pruned"": 24596}"
search,n_queens,first_solution,15,1360,0.00311,ok,"{""pruned"": 18921}"
search,n_queens,first_solution,16,10053,0.02259,ok,"{""pruned"": 150660}"
search,n_queens,first_solution,17,5375,0.01322,ok,"{""pruned"": 85848}"
search,n_queens,first_solution,18,41300,0.11731,ok,"{""pruned"": 701930}"
search,n_queens,first_solution,19,2546,0.00613,ok,"{""pruned"": 45639}"
search,n_queens,first_solution,20,199636,0.56311,ok,"{""pruned"": 3792875}"
search,n_queens,first_solution,21,8563,0.02155,ok,"{""pruned"": 171030}"
search,n_queens,first_solution,22,1737189,4.74745,ok,"{""pruned"": 36480717}"
search,n_queens,first_solution,23,25429,0.06766,ok,"{""pruned"": 559163}"
search,n_queens,first_solution,24,411609,1.15013,ok,"{""pruned"": 9466708}"
search,hamiltonian_backtracking,complete,4,4,1e-05,ok,"{""pruned"": 3, ""found"": true}"
search,hamiltonian_backtracking,complete,5,5,1e-05,ok,"{""pruned"": 6, ""found"": true}"
search,hamiltonian_backtracking,complete,6,6,1e-05,ok,"{""pruned"": 10, ""found"": true}"
search,hamiltonian_backtracking,complete,7,7,1e-05,ok,"{""pruned"": 15, ""found"": true}"
search,hamiltonian_backtracking,complete,8,8,1e-05,ok,"{""pruned"": 21, ""found"": true}"
search,hamiltonian_backtracking,complete,9,9,1e-05,ok,"{""pruned"": 28, ""found"": true}"
search,hamiltonian_backtracking,complete,10,10,0.0007,ok,"{""pruned"": 36, ""found"": true}"
search,hamiltonian_backtracking,complete,11,11,1e-05,ok,"{""pruned"": 45, ""found"": true}"
search,hamiltonian_backtracking,complete,12,12,1e-05,ok,"{""pruned"": 55, ""found"": true}"
search,hamiltonian_backtracking,sparse_random,4,2,0.0,ok,"{""pruned"": 1, ""found"": false}"
search,hamiltonian_backtracking,sparse_random,5,4,1e-05,ok,"{""pruned"": 3, ""found"": false}"
search,hamiltonian_backtracking,sparse_random,6,3,1e-05,ok,"{""pruned"": 2, ""found"": false}"
search,hamiltonian_backtracking,sparse_random,7,7,1e-05,ok,"{""pruned"": 5, ""found"": true}"
search,hamiltonian_backtracking,sparse_random,8,49,2e-05,ok,"{""pruned"": 80, ""found"": false}"
search,hamiltonian_backtracking,sparse_random,9,153,5e-05,ok,"{""pruned"": 308, ""found"": false}"
search,hamiltonian_backtracking,sparse_random,10,158,6e-05,ok,"{""pruned"": 289, ""found"": false}"
search,hamiltonian_backtracking,sparse_random,11,519,0.00021,ok,"{""pruned"": 1412, ""found"": true}"
search,hamiltonian_backtracking,sparse_random,12,441,0.00018,ok,"{""pruned"": 1173, ""found"": true}"
search,hamiltonian_backtracking,clique_pendant,4,7,0.0,ok,"{""pruned"": 8, ""found"": false}"
search,hamiltonian_backtracking,clique_pendant,5,21,1e-05,ok,"{""pruned"": 38, ""found"": false}"
search,hamiltonian_backtracking,clique_pendant,6,81,4e-05,ok,"{""pruned"": 212, ""found"": false}"
search,hamiltonian_backtracking,clique_pendant,7,391,0.0002,ok,"{""pruned"": 1370, ""found"": false}"
search,hamiltonian_backtracking,clique_pendant,8,2283,0.00118,ok,"{""pruned"": 10112, ""found"": false}"
search,hamiltonian_backtracking,clique_pendant,9,15657,0.01134,ok,"{""pruned"": 84158, ""found"": false}"
search,hamiltonian_backtracking,clique_pendant,10,123301,0.08335,ok,"{""pruned"": 780908, ""found"": false}"
search,hamiltonian_backtracking,clique_pendant,11,1096011,0.86708,ok,"{""pruned"": 8000882, ""found"": false}"
search,hamiltonian_backtracking,clique_pendant,12,1500001,1.20338,budget_exceeded,"{""pruned"": 12259767, ""found"": false}"
search,tsp_backtracking,euclidean,4,16,3e-05,ok,"{""pruned"": 0, ""best"": 188, ""memory_units"": 4}"
search,tsp_backtracking,euclidean,5,65,3e-05,ok,"{""pruned"": 0, ""best"": 245, ""memory_units"": 5}"
search,tsp_backtracking,euclidean,6,326,0.00015,ok,"{""pruned"": 0, ""best"": 274, ""memory_units"": 6}"
search,tsp_backtracking,euclidean,7,1957,0.00071,ok,"{""pruned"": 0, ""best"": 249, ""memory_units"": 7}"
search,tsp_backtracking,euclidean,8,13700,0.00525,ok,"{""pruned"": 0, ""best"": 257, ""memory_units"": 8}"
search,tsp_backtracking,euclidean,9,109601,0.045,ok,"{""pruned"": 0, ""best"": 258, ""memory_units"": 9}"
search,tsp_backtracking,euclidean,10,986410,0.43387,ok,"{""pruned"": 0, ""best"": 271, ""memory_units"": 10}"
search,tsp_backtracking,euclidean,11,1200001,0.50287,budget_exceeded,"{""pruned"": 0, ""best"": 291, ""memory_units"": 11}"
search,tsp_backtracking_pruned,euclidean,4,15,2e-05,ok,"{""pruned"": 1, ""best"": 188, ""memory_units"": 4}"
search,tsp_backtracking_pruned,euclidean,5,55,3e-05,ok,"{""pruned"": 9, ""best"": 245, ""memory_units"": 5}"
search,tsp_backtracking_pruned,euclidean,6,199,0.0001,ok,"{""pruned"": 77, ""best"": 274, ""memory_units"": 6}"
search,tsp_backtracking_pruned,euclidean,7,788,0.0004,ok,"{""pruned"": 591, ""best"": 249, ""memory_units"": 7}"
search,tsp_backtracking_pruned,euclidean,8,3937,0.00221,ok,"{""pruned"": 4009, ""best"": 257, ""memory_units"": 8}"
search,tsp_backtracking_pruned,euclidean,9,11009,0.00751,ok,"{""pruned"": 16609, ""best"": 258, ""memory_units"": 9}"
search,tsp_backtracking_pruned,euclidean,10,66255,0.04423,ok,"{""pruned"": 111359, ""best"": 271, ""memory_units"": 10}"
search,tsp_backtracking_pruned,euclidean,11,122634,0.09523,ok,"{""pruned"": 305880, ""best"": 254, ""memory_units"": 11}"
search,tsp_backtracking_pruned,euclidean,12,1200001,1.03496,budget_exceeded,"{""pruned"": 2929487, ""best"": 282, ""memory_units"": 12}"
search,tsp_branch_and_bound,euclidean,4,13,0.00015,ok,"{""pruned"": 2, ""max_queue"": 5, ""expanded"": 8, ""best"": 188, ""memory_units"": 20}"
search,tsp_branch_and_bound,euclidean,5,30,0.00015,ok,"{""pruned"": 13, ""max_queue"": 6, ""expanded"": 14, ""best"": 245, ""memory_units"": 30}"
search,tsp_branch_and_bound,euclidean,6,77,0.00039,ok,"{""pruned"": 51, ""max_queue"": 13, ""expanded"": 27, ""best"": 274, ""memory_units"": 78}"
search,tsp_branch_and_bound,euclidean,7,218,0.00107,ok,"{""pruned"": 146, ""max_queue"": 28, ""expanded"": 69, ""best"": 249, ""memory_units"": 196}"
search,tsp_branch_and_bound,euclidean,8,412,0.00211,ok,"{""pruned"": 305, ""max_queue"": 40, ""expanded"": 108, ""best"": 257, ""memory_units"": 320}"
search,tsp_branch_and_bound,euclidean,9,3063,0.02136,ok,"{""pruned"": 2194, ""max_queue"": 532, ""expanded"": 869, ""best"": 258, ""memory_units"": 4788}"
search,tsp_branch_and_bound,euclidean,10,3689,0.03189,ok,"{""pruned"": 2870, ""max_queue"": 1119, ""expanded"": 818, ""best"": 271, ""memory_units"": 11190}"
search,tsp_branch_and_bound,euclidean,11,5207,0.04253,ok,"{""pruned"": 4292, ""max_queue"": 589, ""expanded"": 915, ""best"": 254, ""memory_units"": 6479}"
search,tsp_branch_and_bound,euclidean,12,24983,0.31421,ok,"{""pruned"": 20634, ""max_queue"": 18894, ""expanded"": 4349, ""best"": 282, ""memory_units"": 226728}"
search,tsp_branch_and_bound,euclidean,13,60001,0.82015,budget_exceeded,"{""pruned"": 28075, ""max_queue"": 21926, ""expanded"": 10001, ""best"": 339, ""memory_units"": 285038}"
search,tsp_backtracking,uniform,4,16,1e-05,ok,"{""pruned"": 0, ""best"": 183, ""memory_units"": 4}"
search,tsp_backtracking,uniform,5,65,3e-05,ok,"{""pruned"": 0, ""best"": 272, ""memory_units"": 5}"
search,tsp_backtracking,uniform,6,326,0.00012,ok,"{""pruned"": 0, ""best"": 174, ""memory_units"": 6}"
search,tsp_backtracking,uniform,7,1957,0.00091,ok,"{""pruned"": 0, ""best"": 116, ""memory_units"": 7}"
search,tsp_backtracking,uniform,8,13700,0.00534,ok,"{""pruned"": 0, ""best"": 131, ""memory_units"": 8}"
search,tsp_backtracking,uniform,9,109601,0.04515,ok,"{""pruned"": 0, ""best"": 179, ""memory_units"": 9}"
search,tsp_backtracking,uniform,10,986410,0.40659,ok,"{""pruned"": 0, ""best"": 199, ""memory_units"": 10}"
search,tsp_backtracking,uniform,11,1200001,0.51161,budget_exceeded,"{""pruned"": 0, ""best"": 204, ""memory_units"": 11}"
search,tsp_backtracking_pruned,uniform,4,15,1e-05,ok,"{""pruned"": 1, ""best"": 183, ""memory_units"": 4}"
search,tsp_backtracking_pruned,uniform,5,53,3e-05,ok,"{""pruned"": 10, ""best"": 272, ""memory_units"": 5}"
search,tsp_backtracking_pruned,uniform,6,129,6e-05,ok,"{""pruned"": 76, ""best"": 174, ""memory_units"": 6}"
search,tsp_backtracking_pruned,uniform,7,373,0.00019,ok,"{""pruned"": 341, ""best"": 116, ""memory_units"": 7}"
search,tsp_backtracking_pruned,uniform,8,972,0.00058,ok,"{""pruned"": 1514, ""best"": 131, ""memory_units"": 8}"
search,tsp_backtracking_pruned,uniform,9,3616,0.0024,ok,"{""pruned"": 6529, ""best"": 179, ""memory_units"": 9}"
search,tsp_backtracking_pruned,uniform,10,19106,0.01311,ok,"{""pruned"": 38275, ""best"": 199, ""memory_units"": 10}"
search,tsp_backtracking_pruned,uniform,11,47641,0.03613,ok,"{""pruned"": 116411, ""best"": 204, ""memory_units"": 11}"
search,tsp_backtracking_pruned,uniform,12,250011,0.20017,ok,"{""pruned"": 691105, ""best"": 207, ""memory_units"": 12}"
search,tsp_branch_and_bound,uniform,4,15,0.00014,ok,"{""pruned"": 0, ""max_queue"": 6, ""expanded"": 10, ""best"": 183, ""memory_units"": 24}"
search,tsp_branch_and_bound,uniform,5,24,0.00012,ok,"{""pruned"": 16, ""max_queue"": 5, ""expanded"": 9, ""best"": 272, ""memory_units"": 25}"
search,tsp_branch_and_bound,uniform,6,68,0.00036,ok,"{""pruned"": 37, ""max_queue"": 17, ""expanded"": 27, ""best"": 174, ""memory_units"": 102}"
search,tsp_branch_and_bound,uniform,7,143,0.00117,ok,"{""pruned"": 99, ""max_queue"": 90, ""expanded"": 44, ""best"": 116, ""memory_units"": 630}"
search,tsp_branch_and_bound,uniform,8,179,0.00109,ok,"{""pruned"": 131, ""max_queue"": 28, ""expanded"": 46, ""best"": 131, ""memory_units"": 224}"
search,tsp_branch_and_bound,uniform,9,869,0.0057,ok,"{""pruned"": 661, ""max_queue"": 144, ""expanded"": 207, ""best"": 179, ""memory_units"": 1296}"
search,tsp_branch_and_bound,uniform,10,2340,0.01618,ok,"{""pruned"": 1834, ""max_queue"": 229, ""expanded"": 506, ""best"": 199, ""memory_units"": 2290}"
search,tsp_branch_and_bound,uniform,11,7368,0.08018,ok,"{""pruned"": 5919, ""max_queue"": 5643, ""expanded"": 1449, ""best"": 204, ""memory_units"": 62073}"
search,tsp_branch_and_bound,uniform,12,9279,0.2804,ok,"{""pruned"": 7702, ""max_queue"": 4133, ""expanded"": 1577, ""best"": 207, ""memory_units"": 49596}"
search,tsp_branch_and_bound,uniform,13,60001,0.87497,budget_exceeded,"{""pruned"": 14615, ""max_queue"": 35603, ""expanded"": 9795, ""best"": 321, ""memory_units"": 462839}"
search,tsp_backtracking,flat,4,16,1e-05,ok,"{""pruned"": 0, ""best"": 403, ""memory_units"": 4}"
search,tsp_backtracking,flat,5,65,6e-05,ok,"{""pruned"": 0, ""best"": 506, ""memory_units"": 5}"
search,tsp_backtracking,flat,6,326,0.00012,ok,"{""pruned"": 0, ""best"": 602, ""memory_units"": 6}"
search,tsp_backtracking,flat,7,1957,0.00073,ok,"{""pruned"": 0, ""best"": 701, ""memory_units"": 7}"
search,tsp_backtracking,flat,8,13700,0.00541,ok,"{""pruned"": 0, ""best"": 800, ""memory_units"": 8}"
search,tsp_backtracking,flat,9,109601,0.04523,ok,"{""pruned"": 0, ""best"": 902, ""memory_units"": 9}"
search,tsp_backtracking,flat,10,986410,0.40519,ok,"{""pruned"": 0, ""best"": 1001, ""memory_units"": 10}"
search,tsp_backtracking,flat,11,1200001,0.52946,budget_exceeded,"{""pruned"": 0, ""best"": 1102, ""memory_units"": 11}"
search,tsp_backtracking_pruned,flat,4,16,1e-05,ok,"{""pruned"": 0, ""best"": 403, ""memory_units"": 4}"
search,tsp_backtracking_pruned,flat,5,65,3e-05,ok,"{""pruned"": 0, ""best"": 506, ""memory_units"": 5}"
search,tsp_backtracking_pruned,flat,6,326,0.00013,ok,"{""pruned"": 0, ""best"": 602, ""memory_units"": 6}"
search,tsp_backtracking_pruned,flat,7,1957,0.00119,ok,"{""pruned"": 0, ""best"": 701, ""memory_units"": 7}"
search,tsp_backtracking_pruned,flat,8,13700,0.00645,ok,"{""pruned"": 0, ""best"": 800, ""memory_units"": 8}"
search,tsp_backtracking_pruned,flat,9,109601,0.04932,ok,"{""pruned"": 0, ""best"": 902, ""memory_units"": 9}"
search,tsp_backtracking_pruned,flat,10,986410,0.45194,ok,"{""pruned"": 0, ""best"": 1001, ""memory_units"": 10}"
search,tsp_backtracking_pruned,flat,11,1200001,0.58469,budget_exceeded,"{""pruned"": 0, ""best"": 1102, ""memory_units"": 11}"
search,tsp_backtracking_pruned,flat,12,1200001,0.54253,budget_exceeded,"{""pruned"": 0, ""best"": 1203, ""memory_units"": 12}"
search,tsp_branch_and_bound,flat,4,13,0.00012,ok,"{""pruned"": 2, ""max_queue"": 4, ""expanded"": 8, ""best"": 403, ""memory_units"": 16}"
search,tsp_branch_and_bound,flat,5,15,8e-05,ok,"{""pruned"": 11, ""max_queue"": 3, ""expanded"": 5, ""best"": 506, ""memory_units"": 15}"
search,tsp_branch_and_bound,flat,6,25,0.0004,ok,"{""pruned"": 15, ""max_queue"": 2, ""expanded"": 9, ""best"": 602, ""memory_units"": 12}"
search,tsp_branch_and_bound,flat,7,95,0.00048,ok,"{""pruned"": 67, ""max_queue"": 6, ""expanded"": 29, ""best"": 701, ""memory_units"": 42}"
search,tsp_branch_and_bound,flat,8,124,0.00068,ok,"{""pruned"": 90, ""max_queue"": 6, ""expanded"": 34, ""best"": 800, ""memory_units"": 48}"
search,tsp_branch_and_bound,flat,9,354,0.00208,ok,"{""pruned"": 278, ""max_queue"": 15, ""expanded"": 77, ""best"": 902, ""memory_units"": 135}"
search,tsp_branch_and_bound,flat,10,156,0.00119,ok,"{""pruned"": 123, ""max_queue"": 63, ""expanded"": 33, ""best"": 1001, ""memory_units"": 630}"
search,tsp_branch_and_bound,flat,11,785,0.00932,ok,"{""pruned"": 620, ""max_queue"": 617, ""expanded"": 165, ""best"": 1101, ""memory_units"": 6787}"
search,tsp_branch_and_bound,flat,12,754,0.008,ok,"{""pruned"": 624, ""max_queue"": 608, ""expanded"": 130, ""best"": 1201, ""memory_units"": 7296}"
search,tsp_branch_and_bound,flat,13,2182,0.02363,ok,"{""pruned"": 1819, ""max_queue"": 1808, ""expanded"": 362, ""best"": 1302, ""memory_units"": 23504}"
search,tsp_branch_and_bound,flat,14,381,0.00354,ok,"{""pruned"": 305, ""max_queue"": 214, ""expanded"": 74, ""best"": 1400, ""memory_units"": 2996}"
